ï»¿Constituency,Name,Gender,Party,State,Education,Electors,Votes,Turn out,Margin,Margin %,Type
Adilabad,Soyam Babu Rao,Male,BJP,Telangana,12th Pass,"13,82,837","10,63,730",0.779,58560,0.055,ST
Agra,Satya Pal Singh Baghel,Male,BJP,Uttar Pradesh,Doctorate,"18,66,262","11,45,323",0.617,"2,11,546",0.185,SC
Ahmadnagar,Sujay Radhakrishna Vikhepatil,Male,BJP,Maharashtra,Doctorate,"17,93,677","12,03,797",0.673,"2,81,474",0.234,GEN
Ahmedabad East,Hasmukhbhai Somabhai Patel,Male,BJP,Gujarat,Others,"17,13,598","11,16,367",0.657,"4,34,330",0.389,GEN
Ahmedabad West,Kirit Premjibhai Solanki,Male,BJP,Gujarat,Post Graduate,"15,80,673","9,97,024",0.64,"3,21,546",0.323,SC
Ajmer,Bhagirath Chaudhary,Male,BJP,Rajasthan,12th Pass,"18,44,532","12,62,214",0.69,"4,16,424",0.33,GEN
Akbarpur,Devendra Singh Bhole,Male,BJP,Uttar Pradesh,,"17,14,490","10,25,314",0.603,"2,75,142",0.268,GEN
Akola,Sanjay Shamrao Dhotre,Male,BJP,Maharashtra,Graduate Professional,"17,57,645","11,19,440",0.642,"2,75,596",0.246,GEN
Alappuzha,A. M. Arif,Male,CPI(M),Kerala,Graduate Professional,"12,98,061","10,88,728",0.843,10474,0.01,GEN
Alathur,Ramya Haridas,Female,INC,Kerala,10th Pass,"12,19,063","10,18,743",0.842,"1,58,968",0.156,SC
Aligarh,Satish Kumar Gautam,Male,BJP,Uttar Pradesh,10th Pass,"18,47,005","11,63,184",0.633,"2,29,261",0.197,GEN
Alipurduars,John Barla,Male,BJP,West Bengal,8th Pass,"15,27,563","13,80,217",0.917,"2,43,989",0.177,ST
Allahabad,Rita Bahuguna Joshi,Female,BJP,Uttar Pradesh,Doctorate,"16,79,883","8,89,056",0.534,"1,84,275",0.207,GEN
Almora,Ajay Tamta,Male,BJP,Uttarakhand,12th Pass,"12,87,611","6,94,472",0.551,"2,32,986",0.335,SC
Alwar,Balak Nath,Male,BJP,Rajasthan,10th Pass,"20,59,180","12,65,674",0.617,"3,29,971",0.261,GEN
Amalapuram,Chinta Anuradha,Female,YSRCP,Andhra Pradesh,Graduate,"11,56,280","12,32,895",1.081,39795,0.032,
Ambala,Rattan Lal Kataria,Male,BJP,Haryana,Post Graduate,"17,57,524","13,16,235",0.753,"3,42,345",0.26,SC
Ambedkar Nagar,Ritesh Pandey,Male,Bahujan Samaj Party,Uttar Pradesh,Graduate,"17,44,287","10,90,152",0.632,95880,0.088,GEN
Amethi,Smriti Irani,Female,BJP,Uttar Pradesh,12th Pass,"17,03,510","9,42,453",0.556,55120,0.058,GEN
Amravati,Navnit Ravi Rana,Female,Independents,Maharashtra,10th Pass,"17,52,097","11,12,385",0.638,36951,0.033,SC
Amreli,Naranbhai Bhikhabhai Kachhadiya,Male,BJP,Gujarat,12th Pass,"16,02,346","9,09,167",0.578,"2,01,431",0.222,GEN
Amritsar,Gurjeet Singh Aujla,Male,INC,Punjab,12th Pass,"14,68,972","8,59,513",0.591,99626,0.116,GEN
Amroha,Kunwar Danish Ali,Male,Bahujan Samaj Party,Uttar Pradesh,Graduate,"15,96,897","11,69,182",0.736,63248,0.054,GEN
Anakapalli,Dr.beesetti Venkata Satyavathi,Female,YSRCP,Andhra Pradesh,Graduate Professional,"13,97,335","12,38,491",0.911,89192,0.072,
Anand,Mitesh Rameshbhai (Bakabhai) Patel,Male,BJP,Gujarat,Others,"16,14,307","11,08,661",0.698,"1,97,718",0.178,GEN
Anandpur Sahib,Manish Tewari,Male,INC,Punjab,Graduate Professional,"16,48,822","10,81,727",0.667,46884,0.043,GEN
Anantapur,Talari Rangaiah,Male,YSRCP,Andhra Pradesh,Doctorate,"14,89,758","13,42,306",0.912,"1,41,428",0.105,
Anantnag,Hasnain Masoodi,Male,Jammu and Kashmir National Conference,Jammu and Kashmir,Post Graduate,"13,01,023","1,24,896",0.097,6676,0.053,
Andaman and Nicobar Islands,Kuldeep Rai Sharma,Male,INC,Andaman and Nicobar Islands,Grad,"2,69,360","2,07,296",0.775,1407,0.007,GEN
Aonla,Dharmendra Kashyap,Male,BJP,Uttar Pradesh,10th Pass,"17,50,190","10,52,795",0.607,"1,13,743",0.108,GEN
Arakkonam,S. Jagathrakshakan,Male,DMK,TamilNadu,10th Pass,"14,61,110","11,78,060",0.815,"3,28,956",0.279,GEN
Arambagh,Aparupa Poddar,Female,TMC,West Bengal,Post Graduate,"16,31,133","14,71,981",0.915,1142,0.001,SC
Arani,M.K. Vishnu Prasad,Male,INC,TamilNadu,Graduate Professional,"14,07,725","11,43,907",0.825,"2,30,806",0.202,GEN
Araria,Pradeep Kumar Singh,Male,BJP,Bihar,10th Pass,"14,69,717","11,69,630",0.81,"1,37,241",0.117,GEN
Arrah,Raj Kumar Singh,Male,BJP,Bihar,Graduate Professional,"20,55,316","10,80,684",0.536,"1,47,285",0.136,GEN
Aruku,Goddeti Madhavi,Female,YSRCP,Andhra Pradesh,Graduate Professional,"13,58,657","10,74,538",0.826,"2,24,089",0.209,
Arunachal East,Tapir Gao,Male,BJP,Arunachal Pradesh,Post Graduate,"3,35,682","2,93,781",0.892,69948,0.238,GENP
Arunachal West,Kiren Rijiju,Male,BJP,Arunachal Pradesh,Graduate Professional,"4,58,680","3,58,310",0.785,"1,74,843",0.488,GENP
Asansol,Babul Supriyo,Male,BJP,West Bengal,Graduate,"17,70,467","12,38,135",0.708,"1,97,637",0.16,GEN
Aska,Pramila Bisoyi,Female,Biju Janata Dal,Odisha,5th Pass,"14,94,153","10,13,862",0.69,"2,04,707",0.202,GEN
Attingal,Adoor Prakash,Male,INC,Kerala,Graduate Professional,"13,13,675","10,04,888",0.769,38247,0.038,GEN
Aurangabad,Sushil Kumar Singh,Male,BJP,Bihar,Post Graduate,"17,37,821","9,41,595",0.555,72607,0.077,GEN
Aurangabad,Imitiaz Jaleel Syed,Male,AIMEIM,Maharashtra,Post Graduate,"17,62,823","11,98,221",0.683,4492,0.004,GEN
Autonomous District,Horen Sing Bey,Male,BJP,Assam,Graduate,"7,61,744","6,17,735",0.822,"2,39,626",0.388,ST
Azamgarh,Akhilesh Yadav,Male,Samajwadi Party,Uttar Pradesh,Graduate Professional,"17,73,820","10,29,112",0.584,"2,59,874",0.253,GEN
Badaun,Sanghmitra Maurya,Female,BJP,Uttar Pradesh,Graduate Professional,"21,99,914","10,81,108",0.495,18454,0.017,GEN
Bagalkot,Parvatagouda Chandanagouda Gaddigoudar,Male,BJP,Karnataka,Graduate Professional,"16,88,394","12,04,613",0.72,"1,68,187",0.14,GEN
Baghpat,Satya Pal Singh,Male,BJP,Uttar Pradesh,Post Graduate,"15,58,020","10,44,894",0.674,23502,0.022,GEN
Baharampur,Adhir Ranjan Chowdhury,Male,INC,West Bengal,10th Pass,"17,46,812","12,99,997",0.752,80696,0.062,GEN
Bahraich,Akshaibar Lal,Male,BJP,Uttar Pradesh,10th Pass,"16,86,646","9,89,848",0.595,"1,28,752",0.13,SC
Balaghat,Dhal Singh Bisen,Male,BJP,Madhya Pradesh,Others,"17,25,505","13,72,018",0.798,"2,42,066",0.176,GEN
Balasore,Pratap Chandra Sarangi,Male,BJP,Odisha,Graduate,"14,71,650","11,57,871",0.792,12956,0.011,GEN
Ballia,Virendra Singh Mast,Male,BJP,Uttar Pradesh,Graduate,"17,92,821","9,89,732",0.557,15519,0.016,GEN
Balurghat,Sukanta Majumdar,Male,BJP,West Bengal,Doctorate,"15,43,162","11,97,849",0.785,33293,0.028,GEN
Banaskantha,Parbhatbhai Savabhai Patel,Male,BJP,Gujarat,Graduate Professional,"15,12,076","11,02,081",0.737,"3,68,296",0.334,GEN
Banda,R. K. Singh Patel,Male,BJP,Uttar Pradesh,Graduate,"16,59,357","10,34,549",0.635,58938,0.057,GEN
Bangalore Central,P. C. Mohan,Male,BJP,Karnataka,12th Pass,"21,65,307","11,97,234",0.558,70968,0.059,GEN
Bangalore North,D.V. Sadananda Gowda,Male,BJP,Karnataka,Graduate Professional,"28,19,424","15,59,459",0.557,"1,47,518",0.095,GEN
Bangalore Rural,Doddaalahalli Kempegowda Suresh,Male,INC,Karnataka,12th Pass,"16,01,076","16,21,906",1.021,"2,06,870",0.128,GEN
Bangalore South,L.S. Tejasvi Surya,Male,BJP,Karnataka,Graduate Professional,"21,75,375","11,88,491",0.551,"3,31,192",0.279,GEN
Bangaon,Shantanu Thakur,Male,BJP,West Bengal,Graduate,"16,18,541","14,07,758",0.874,"1,11,594",0.079,SC
Banka,Giridhari Yadav,Male,JDU,Bihar,Post Graduate,"16,87,940","9,95,806",0.594,"2,00,532",0.201,GEN
Bankura,Subhas Sarkar,Male,BJP,West Bengal,Graduate Professional,"17,70,248","13,71,855",0.783,"1,74,333",0.127,GEN
Bansgaon,Kamlesh Paswan,Male,BJP,Uttar Pradesh,Graduate,"17,48,683","9,69,136",0.562,"1,53,468",0.158,SC
Banswara,Kanakmal Katara,Male,BJP,Rajasthan,Graduate Professional,"19,20,325","14,39,671",0.765,"3,05,464",0.212,ST
Bapatla,Nandigam Suresh,Female,YSRCP,Andhra Pradesh,8th Pass,"13,61,646","12,66,492",0.94,16065,0.013,
Barabanki,Upendra Singh Rawat,Male,BJP,Uttar Pradesh,Post Graduate,"17,62,832","11,55,341",0.66,"1,10,140",0.095,SC
Baramati,Supriya Sadanand Sule,Female,NCP,Maharashtra,Graduate,"20,25,795","13,04,728",0.648,"1,55,774",0.119,GEN
Baramulla,Mohammad Akbar Lone,Male,Jammu and Kashmir National Conference,Jammu and Kashmir,Graduate Professional,"11,90,745","4,55,550",0.389,30233,0.066,
Barasat,Kakoli Ghosh Dastidar,Female,TMC,West Bengal,Post Graduate,"18,82,204","13,94,766",0.751,"1,09,983",0.079,GEN
Bardhaman Purba,Sunil Kumar Mondal,Male,TMC,West Bengal,Graduate Professional,"18,36,635","14,39,286",0.79,89311,0.062,SC
Bardoli,Prabhubhai Nagarbhai Vasava,Male,BJP,Gujarat,Others,"17,79,851","13,48,038",0.77,"2,15,447",0.16,ST
Bareilly,Santosh Kumar Gangwar,Male,BJP,Uttar Pradesh,Graduate Professional,"17,60,865","10,68,342",0.609,"1,67,282",0.157,GEN
Bargarh,Suresh Pujari,Male,BJP,Odisha,Post Graduate,"15,30,044","12,47,912",0.825,63939,0.051,GEN
Barmer,Kailash Choudhary,Male,BJP,Rajasthan,Graduate,"23,20,339","14,22,271",0.621,"3,23,808",0.228,GEN
Barpeta,Abdul Khaleque,Male,INC,Assam,Post Graduate,"14,49,560","14,58,549",1.013,"1,40,307",0.096,GEN
Barrackpore,Arjun Singh,Male,BJP,West Bengal,10th Pass,"15,51,157","11,04,517",0.72,14857,0.013,GEN
Basirhat,Nusrat Jahan Ruhi,Female,TMC,West Bengal,12th Pass,"18,33,511","14,33,339",0.787,"3,50,369",0.244,GEN
Bastar,Deepak Baij,Male,INC,Chhattisgarh,Graduate,"13,57,443","9,12,846",0.703,38982,0.043,ST
Basti,Harish Dwivedi,Male,BJP,Uttar Pradesh,Post Graduate,"18,39,900","10,54,539",0.579,30354,0.029,GEN
Bathinda,Harsimrat Kaur Badal,Female,SAD,Punjab,10th Pass,"15,89,895","12,00,810",0.764,21772,0.018,GEN
Beed,Pritam Gopinath Munde,Female,BJP,Maharashtra,Post Graduate,"16,21,102","13,52,399",0.836,"1,68,368",0.124,GEN
Begusarai,Giriraj Singh,Male,BJP,Bihar,Graduate,"19,42,769","12,25,594",0.641,"4,22,217",0.344,GEN
Belgaum,Suresh Chanabasappa Angadi,Male,BJP,Karnataka,Graduate Professional,"17,49,746","12,05,229",0.691,"3,91,304",0.325,GEN
Bellary,Y. Devendrappa,Male,BJP,Karnataka,5th Pass,"17,13,330","12,21,926",0.719,55707,0.046,ST
Berhampur,Chandra Sekhar Sahu,Male,Biju Janata Dal,Odisha,10th Pass,"14,33,671","9,89,910",0.701,94844,0.096,GEN
Betul,Durga Das Uikey,Male,BJP,Madhya Pradesh,Post Graduate,"17,02,517","13,57,857",0.811,"3,60,241",0.265,ST
Bhadohi,Ramesh Chand Bind,Male,BJP,Uttar Pradesh,10th Pass,"18,86,673","10,39,390",0.556,43615,0.042,GEN
Bhadrak,Manjulata Mandal,Female,Biju Janata Dal,Odisha,Graduate,"15,83,464","12,23,754",0.777,28803,0.024,SC
Bhagalpur,Ajay Kumar Mandal,Male,JDU,Bihar,8th Pass,"18,11,980","10,42,518",0.593,"2,77,630",0.266,GEN
Bhandara-Gondiya,Sunil Baburao Mendhe,Male,BJP,Maharashtra,Others,"17,56,518","12,44,931",0.715,"1,97,394",0.159,GEN
Bharatpur,Ranjeeta Koli,Female,BJP,Rajasthan,8th Pass,"18,97,465","11,46,797",0.607,"3,18,399",0.278,SC
Bharuch,Mansukhbhai Dhanjibhai Vasava,Male,BJP,Gujarat,Post Graduate,"15,22,113","11,49,725",0.76,"3,34,214",0.291,GEN
Bhavnagar,Bharati Dhirubhai Shyal,Female,BJP,Gujarat,Graduate Professional,"17,34,124","10,41,279",0.61,"3,29,519",0.316,GEN
Bhilwara,Subhash Chandra Baheria,Male,BJP,Rajasthan,Graduate,"19,58,631","13,10,513",0.678,"6,12,000",0.467,GEN
Bhind,Sandhya Ray,Female,BJP,Madhya Pradesh,Post Graduate,"17,11,977","9,60,687",0.564,"1,99,885",0.208,SC
Bhiwandi,Kapil Moreshwar Patil,Male,BJP,Maharashtra,Graduate,"17,85,952","10,05,172",0.572,"1,56,329",0.156,GEN
Bhiwani-Mahendragarh,Dharambir Singh,Male,BJP,Haryana,Graduate,"15,66,494","11,61,115",0.743,"4,44,463",0.383,GEN
Bhongir,Komati Reddy Venkat Reddy,Male,INC,Telangana,12th Pass,"15,44,683","12,12,631",0.793,5219,0.004,GEN
Bhopal,Pragya Singh Thakur,Female,BJP,Madhya Pradesh,Post Graduate,"20,75,376","14,07,954",0.681,"3,64,822",0.259,GEN
Bhubaneshwar,Aparajita Sarangi,Female,BJP,Odisha,Graduate,"16,00,900","10,05,215",0.632,23839,0.024,GEN
Bidar,Bhagwanth Khuba,Male,BJP,Karnataka,Graduate Professional,"17,40,232","11,17,167",0.643,"1,16,834",0.105,GEN
Bijapur,Ramesh Chandappa Jigajinagi,Male,BJP,Karnataka,Graduate,"17,77,109","11,11,354",0.632,"2,58,038",0.232,SC
Bijnor,Malook Nagar,Male,Bahujan Samaj Party,Uttar Pradesh,Graduate,"16,19,514","11,00,763",0.682,69941,0.064,GEN
Bikaner,Arjun Ram Meghwal,Male,BJP,Rajasthan,Post Graduate,"17,93,022","10,99,598",0.621,"2,64,081",0.24,SC
Bilaspur,Arun Sao,Male,BJP,Chhattisgarh,Graduate Professional,"18,11,606","12,09,434",0.67,"1,41,763",0.117,GEN
Birbhum,Satabdi Roy (Banerjee),Female,TMC,West Bengal,Graduate,"15,87,802","14,49,423",0.921,88924,0.061,GEN
Bishnupur,Khan Saumitra,Male,BJP,West Bengal,12th Pass,"17,40,964","14,20,648",0.824,78047,0.055,SC
Bolangir,Sangeeta Kumari Singh Deo,Female,BJP,Odisha,Graduate,"16,77,774","13,06,705",0.788,19516,0.015,GEN
Bolpur,Asit Kumar Mal,Male,TMC,West Bengal,10th Pass,"18,64,137","14,61,269",0.791,"1,06,402",0.073,SC
Bulandshahr,Bhola Singh,Male,BJP,Uttar Pradesh,Graduate,"17,59,305","11,23,629",0.642,"2,90,057",0.258,SC
Buldhana,Prataprao Jadhav,Male,Shiv Sena,Maharashtra,12th Pass,"19,77,994","11,20,359",0.57,"1,33,287",0.119,GEN
Burdwan - Durgapur,S.S. Ahluwalia,Male,BJP,West Bengal,Graduate Professional,"19,05,750","14,33,007",0.762,2439,0.002,GEN
Buxar,Ashwini Kumar Choubey,Male,BJP,Bihar,Graduate,"18,06,004","9,86,861",0.556,"1,17,609",0.119,GEN
Chalakudy,Benny Behanan,Male,INC,Kerala,Graduate,"11,63,476","9,90,224",0.858,"1,32,274",0.134,GEN
Chamrajanagar,V. Srinivas Prasad,Male,BJP,Karnataka,Post Graduate,"16,69,209","12,70,658",0.769,1817,0.001,SC
Chandauli,Mahendra Nath Pandey,Male,BJP,Uttar Pradesh,Doctorate,"16,96,059","10,84,961",0.646,13959,0.013,GEN
Chandigarh,Kirron Anupam Kher,Female,BJP,Chandigarh,Post Graduate,"6,15,214","4,56,568",0.749,46970,0.103,GEN
Chandni Chowk,Harsh Vardhan,Male,BJP,Delhi,Post Graduate,"14,47,228","9,80,390",0.681,"2,28,145",0.233,GEN
Chandrapur,Balubhau (Alias Suresh Narayan) Dhannorkar,Male,INC,Maharashtra,12th Pass,"18,46,431","12,38,474",0.677,44763,0.036,GEN
Chatra,Sunil Kumar Singh,Male,BJP,Jharkhand,Post Graduate,"13,75,612","9,25,937",0.679,"3,77,871",0.408,GEN
Chelvella,Gaddam Ranjith Reddy,Male,TRS,Telangana,Post Graduate,"23,02,163","13,00,194",0.569,14317,0.011,GEN
Chennai Central,Dayanidhi Maran,Male,DMK,TamilNadu,Graduate,"13,16,388","7,85,450",0.607,"3,01,520",0.384,GEN
Chennai North,V. Kalanidhi,Male,DMK,TamilNadu,Post Graduate,"14,44,753","9,55,545",0.672,"4,61,518",0.483,GEN
Chennai South,Sumathy Thamizhachi Thangapandian,Male,DMK,TamilNadu,Doctorate,"19,16,378","11,25,857",0.596,"2,62,223",0.233,GEN
Chhindwara,Nakul Nath,Male,INC,Madhya Pradesh,Graduate,"14,80,503","12,48,031",0.857,37536,0.03,GEN
Chhota Udaipur,Gitaben Vajesingbhai Rathva,Female,BJP,Gujarat,12th Pass,"14,33,397","12,32,459",0.883,"3,77,943",0.307,ST
Chidambaram,Thirumaa Valavan Thol,Male,Viduthalai Chiruthaigal Katchi,TamilNadu,Doctorate,"14,59,769","11,53,192",0.801,3219,0.003,SC
Chikkballapur,B.N. Bache Gowda,Male,BJP,Karnataka,Graduate Professional,"18,04,143","13,86,963",0.773,"1,82,110",0.131,GEN
Chikkodi,Annasaheb Shankar Jolle,Male,BJP,Karnataka,12th Pass,"15,74,203","12,17,549",0.78,"1,18,877",0.098,GEN
Chitradurga,A. Narayanaswamy,Male,BJP,Karnataka,Graduate,"17,36,643","12,45,950",0.72,80178,0.064,SC
Chittoor,N. Reddeppa,Female,YSRCP,Andhra Pradesh,Post Graduate,"14,30,405","13,19,472",0.937,"1,37,271",0.104,
Chittorgarh,C. P. Joshi,Male,BJP,Rajasthan,Graduate,"19,82,095","14,58,760",0.745,"5,76,247",0.395,GEN
Churu,Rahul Kaswan,Male,BJP,Rajasthan,Graduate,"19,62,475","13,28,422",0.682,"3,34,402",0.252,GEN
Coimbatore,P.R. Natarajan,Male,CPI(M),TamilNadu,12th Pass,"19,09,712","12,50,885",0.667,"1,79,143",0.143,GEN
Coochbehar,Nisith Pramanik,Male,BJP,West Bengal,8th Pass,"16,87,773","15,24,683",0.912,54231,0.036,SC
Cuddalore,T.R.V.S. Ramesh,Male,DMK,TamilNadu,Graduate Professional,"13,42,320","10,43,202",0.784,"1,43,983",0.138,GEN
Cuttack,Bhartruhari Mahtab,Male,Biju Janata Dal,Odisha,Post Graduate,"14,60,895","10,59,490",0.73,"1,21,201",0.114,GEN
Dadra and Nagar Haveli,Mohanbhai Delkar,Male,Independent,Dadra and Nagar Haveli,Graduate,"1,96,617","1,98,983",1.027,9001,0.045,GEN
Dahod,Jaswantsinh Sumanbhai Bhabhor,Male,BJP,Gujarat,Graduate Professional,"15,42,941","10,63,212",0.71,"1,27,596",0.12,ST
Dakshina Kannada,Nalin Kumar Kateel,Male,BJP,Karnataka,10th Pass,"16,98,859","13,45,039",0.796,"2,74,621",0.204,GEN
Daman and Diu,Lalubhai Babubhai Patel,Male,BJP,Daman and Diu,8th Pass,"1,11,827",87469,0.796,9942,0.114,GEN
Damoh,Prahlad Singh Patel,Male,BJP,Madhya Pradesh,Graduate Professional,"17,37,702","11,64,226",0.674,"3,53,411",0.304,GEN
Darbhanga,Gopal Jee Thakur,Male,BJP,Bihar,Post Graduate,"16,44,671","9,64,996",0.599,"2,67,979",0.278,GEN
Darjeeling,Raju Bista,Male,BJP,West Bengal,Graduate,"15,19,531","12,67,270",0.841,"4,13,443",0.326,GEN
Dausa,Jaskaur Meena,Female,BJP,Rajasthan,Post Graduate,"16,92,217","10,62,834",0.632,78444,0.074,ST
Davanagere,Gowdar Mallikarjunappa Siddeshwara,Male,BJP,Karnataka,10th Pass,"16,13,781","11,94,586",0.742,"1,69,702",0.142,GEN
Deoria,Ramapati Ram Tripathi,Male,BJP,Uttar Pradesh,Graduate Professional,"17,51,752","10,15,363",0.587,"2,49,931",0.246,GEN
Dewas,Mahendra Singh Solanky,Male,BJP,Madhya Pradesh,Graduate Professional,"17,18,488","13,98,946",0.819,"3,72,249",0.266,SC
Dhanbad,Pashupati Nath Singh,Male,BJP,Jharkhand,Graduate,"20,50,314","12,52,817",0.613,"4,86,194",0.388,GEN
Dhar,Chhatar Singh Darbar,Male,BJP,Madhya Pradesh,Post Graduate,"17,52,846","13,44,132",0.777,"1,56,029",0.116,ST
Dharmapuri,DNV Senthilkumar. S.,Male,DMK,TamilNadu,Post Graduate,"14,53,257","12,23,205",0.851,70753,0.058,GEN
Dharwad,Pralhad Venkatesh Joshi,Male,BJP,Karnataka,Graduate,"16,87,290","12,13,505",0.721,"2,05,072",0.169,GEN
Dhaurahra,Rekha Verma,Female,BJP,Uttar Pradesh,12th Pass,"16,04,211","10,63,840",0.67,"1,60,611",0.151,GEN
Dhenkanal,Mahesh Sahoo,Male,Biju Janata Dal,Odisha,12th Pass,"14,61,182","11,31,522",0.782,35412,0.031,GEN
Dhubri,Badruddin Ajmal,Male,All India United Democratic Front,Assam,Post Graduate,"17,99,561","16,85,005",0.941,"2,26,258",0.134,GEN
Dhule,Subhash Ramrao Bhamre,Male,BJP,Maharashtra,Post Graduate,"17,87,801","10,85,038",0.608,"2,29,243",0.211,GEN
Diamond Harbour,Abhishek Banerjee,Male,TMC,West Bengal,Graduate,"18,73,955","14,09,002",0.761,"3,20,594",0.228,GEN
Dibrugarh,Rameswar Teli,Male,BJP,Assam,10th Pass,"12,65,748","10,15,748",0.819,"3,64,566",0.359,GEN
Dindigul,P. Velusamy,Male,DMK,TamilNadu,Illiterate,"15,18,633","11,60,046",0.773,"5,38,972",0.465,GEN
Dindori,Bharti Pravin Pawar,Female,BJP,Maharashtra,Graduate Professional,"16,51,955","11,37,631",0.694,"1,98,779",0.175,ST
Domariyaganj,Jagdambika Pal,Male,BJP,Uttar Pradesh,Post Graduate,"18,94,047","9,85,269",0.526,"1,05,321",0.107,GEN
Dum Dum,Saugata Roy,Male,TMC,West Bengal,Post Graduate,"16,99,710","12,04,660",0.717,53002,0.044,GEN
Dumka,Sunil Soren,Male,BJP,Jharkhand,12th Pass,"13,49,843","10,25,968",0.771,47590,0.046,ST
Durg,Vijay Baghel,Male,BJP,Chhattisgarh,Post Graduate,"18,78,677","13,91,996",0.743,"3,91,978",0.282,GEN
East Delhi,Manoj Tiwari,Male,BJP,Delhi,12th Pass,"18,29,578","12,57,821",0.69,"3,91,222",0.311,GEN
Eluru,Kotagiri Sridhar,Female,YSRCP,Andhra Pradesh,Graduate,"14,18,277","13,27,923",0.953,"1,65,925",0.125,
Ernakulam,Hibi Eden,Male,INC,Kerala,Graduate,"11,90,575","9,67,203",0.817,"1,69,153",0.175,GEN
Erode,A. Ganeshamurthi,Male,DMK,TamilNadu,Graduate,"14,27,534","10,67,863",0.758,"2,10,618",0.197,GEN
Etah,Rajveer Singh,Male,BJP,Uttar Pradesh,Graduate Professional,"15,87,949","9,99,607",0.633,"1,22,670",0.123,GEN
Etawah,Ram Shankar Katheria,Male,BJP,Uttar Pradesh,Doctorate,"17,14,935","10,27,815",0.603,64437,0.063,SC
Faizabad,Lallu Singh,Male,BJP,Uttar Pradesh,Post Graduate,"17,83,699","10,87,121",0.615,65477,0.06,GEN
Faridabad,Krishan Pal Gurjar,Male,BJP,Haryana,Graduate Professional,"19,26,323","13,27,295",0.692,"6,38,239",0.481,GEN
Faridkot,Mohammad Sadique,Male,INC,Punjab,5th Pass,"15,15,062","9,74,947",0.656,83256,0.085,SC
Farrukhabad,Mukesh Rajput,Male,BJP,Uttar Pradesh,Graduate,"16,61,488","10,02,953",0.608,"2,21,702",0.221,GEN
Fatehgarh Sahib,Amar Singh,Male,INC,Punjab,Post Graduate,"14,70,008","9,85,948",0.68,93898,0.095,SC
Fatehpur,Niranjan Jyoti,Male,BJP,Uttar Pradesh,12th Pass,"17,83,535","10,43,655",0.593,"1,98,205",0.19,GEN
Fatehpur Sikri,Rajkumar Chahar,Male,BJP,Uttar Pradesh,Graduate,"16,60,405","10,37,151",0.631,"4,95,065",0.477,GEN
Ferozpur,Sukhbir Singh Badal,Male,SAD,Punjab,Post Graduate,"15,87,296","11,72,033",0.748,"1,98,850",0.17,GEN
Firozabad,Chandrasen Jadon,Male,BJP,Uttar Pradesh,Graduate Professional,"16,98,385","10,75,866",0.637,28781,0.027,GEN
Gadchiroli-Chimur,Ashok Mahadeorao Nete,Male,BJP,Maharashtra,12th Pass,"15,22,662","11,42,698",0.767,77526,0.068,ST
Gandhinagar,Amit Shah,Male,BJP,Gujarat,12th Pass,"18,74,564","12,84,090",0.693,"5,57,014",0.434,GEN
Ganganagar,Nihal Chand Chauhan,Male,BJP,Rajasthan,Graduate,"19,01,409","14,51,765",0.772,"4,06,978",0.28,SC
Garhwal,Tirath Singh Rawat,Male,BJP,Uttarakhand,Post Graduate,"12,95,238","7,42,784",0.583,"3,02,669",0.407,GEN
Gauhati,Queen Oja,Female,BJP,Assam,Graduate,"19,30,145","17,63,757",0.919,"3,45,606",0.196,GEN
Gautam Buddh Nagar,Mahesh Sharma,Male,BJP,Uttar Pradesh,Graduate Professional,"21,07,718","13,92,952",0.665,"3,36,922",0.242,GEN
Gaya,Vijay Kumar,Male,JDU,Bihar,12th Pass,"16,98,772","9,57,248",0.581,"1,52,426",0.159,SC
Ghatal,Adhikari Deepak (dev),Male,AITC,West Bengal,Others,"19,31,027","14,88,818",0.778,"1,07,973",0.073,GEN
Ghaziabad,V. K. Singh,Male,BJP,Uttar Pradesh,Doctorate,"25,73,715","15,24,456",0.595,"5,01,500",0.329,GEN
Ghazipur,Afzal Ansari,Male,Bahujan Samaj Party,Uttar Pradesh,Post Graduate,"18,32,844","11,05,627",0.607,"1,19,392",0.108,GEN
Ghosi,Atul Rai,Male,Bahujan Samaj Party,Uttar Pradesh,Graduate,"19,45,291","11,40,781",0.589,"1,22,568",0.107,GEN
Giridih,Chandra Prakash Choudhary,Male,AJSU Party,Jharkhand,Graduate,"16,25,806","11,06,918",0.693,"2,48,347",0.224,GEN
Godda,Nishikant Dubey,Male,BJP,Jharkhand,Doctorate,"16,83,948","11,94,036",0.72,"1,84,227",0.154,GEN
Gonda,Kirti Vardhan Singh,Male,BJP,Uttar Pradesh,Post Graduate,"17,44,625","9,23,816",0.534,"1,66,360",0.18,GEN
Gopalganj,Alok Kumar Suman,Male,JDU,Bihar,Post Graduate,"18,32,200","10,24,876",0.588,"2,86,434",0.279,SC
Gorakhpur,Ravi Kishan,Male,BJP,Uttar Pradesh,12th Pass,"19,60,935","11,84,635",0.608,"3,01,664",0.255,GEN
Gulbarga,Umesh G. Jadhav,Male,BJP,Karnataka,Post Graduate,"19,20,070","11,89,361",0.625,95452,0.08,SC
Guna,Krishna Pal Singh,Male,BJP,Madhya Pradesh,Graduate Professional,"16,31,451","11,78,423",0.73,"1,25,549",0.107,GEN
Guntur,Jayadev Galla,Male,TDP,Andhra Pradesh,Graduate,"14,86,993","13,51,474",0.913,4205,0.003,
Gurdaspur,Ajay Singh Dharmendra Deol,Male,BJP,Punjab,Others,"15,35,937","11,03,887",0.725,82459,0.075,GEN
Gurugram,Rao Inderjit Singh,Male,BJP,Haryana,Graduate Professional,"19,90,711","14,46,509",0.729,"3,86,256",0.267,GEN
Gwalior,Vivek Narayan Shejwalkar,Male,BJP,Madhya Pradesh,Graduate Professional,"19,38,511","11,96,096",0.62,"1,46,842",0.123,GEN
Hajipur,Pashu Pati Kumar Paras,Male,LJSP,Bihar,Graduate Professional,"18,10,137","10,06,817",0.57,"2,05,449",0.204,SC
Hamirpur,Anurag Singh Thakur,Male,BJP,Himachal Pradesh,Graduate,"12,47,699","9,88,765",0.799,"3,99,572",0.404,GEN
Hamirpur,Pushpendra Singh Chandel,Male,BJP,Uttar Pradesh,Post Graduate,"17,15,940","10,89,778",0.644,"2,48,652",0.228,GEN
Hardoi,Jai Prakash Rawat,Male,BJP,Uttar Pradesh,Graduate,"17,75,274","10,57,558",0.602,"1,32,474",0.125,SC
Hardwar,Ramesh Pokhriyal Nishank,Male,BJP,Uttarakhand,Doctorate,"17,85,889","12,71,030",0.715,"2,58,729",0.204,GEN
Hassan,Prajwal Ravanna,Male,JDS,Karnataka,Graduate Professional,"16,30,952","12,77,552",0.791,"1,41,324",0.111,GEN
Hathras,Rajvir Singh Diler,Male,BJP,Uttar Pradesh,12th Pass,"17,99,499","11,50,294",0.644,"2,60,208",0.226,SC
Hatkanangle,Sambhajirao Mane Dhairyasheel,Male,Shiv Sena,Maharashtra,Graduate,"16,93,449","12,52,211",0.744,96039,0.077,GEN
Haveri,Shivkumar Chanabasappa Udasi,Male,BJP,Karnataka,12th Pass,"16,80,025","12,66,679",0.758,"1,40,882",0.111,GEN
Hazaribagh,Jayant Sinha,Male,BJP,Jharkhand,Post Graduate,"15,18,831","10,80,929",0.717,"4,79,548",0.444,GEN
Hindupur,Kuruva Gorantla Madhav,Male,YSRCP,Andhra Pradesh,Graduate,"14,34,282","13,38,514",0.945,"1,40,748",0.105,
Hingoli,Hemant Patil,Male,Shiv Sena,Maharashtra,Graduate,"16,59,433","11,57,516",0.7,"2,77,856",0.24,GEN
Hisar,Brijendra Singh,Male,BJP,Haryana,Post Graduate,"15,58,281","11,79,869",0.759,"3,14,068",0.266,GEN
Hooghly,Locket Chatterjee,Female,BJP,West Bengal,Graduate,"13,73,449","14,57,842",1.071,73362,0.05,GEN
Hoshangabad,Uday Pratap Singh,Male,BJP,Madhya Pradesh,Graduate,"16,50,087","12,65,869",0.778,"5,53,682",0.437,GEN
Hoshiarpur,Som Prakash,Male,BJP,Punjab,Post Graduate,"15,48,898","9,90,791",0.648,48530,0.049,SC
Howrah,Prasun Banerjee,Male,TMC,West Bengal,Graduate,"17,96,175","12,22,293",0.684,"1,03,695",0.085,GEN
Hyderabad,Asaduddin Owaisi,Male,All India Majlis-E-Ittehadul Muslimeen,Telangana,Graduate Professional,"19,27,685","8,77,872",0.458,"2,82,186",0.321,GEN
Idukki,Dean Kuriakose,Male,INC,Kerala,Post Graduate,"11,60,824","9,19,297",0.797,"1,71,053",0.186,GEN
Indore,Shankar Lalwani,Male,BJP,Madhya Pradesh,Graduate Professional,"22,35,342","16,29,108",0.731,"5,47,754",0.336,GEN
Inner Manipur,Rajkumar Ranjan Singh,Male,BJP,Manipur,Doctorate,"8,55,359","7,59,301",0.891,17755,0.023,GEN
Jabalpur,Rakesh Singh,Male,BJP,Madhya Pradesh,Graduate,"17,67,369","12,63,573",0.717,"4,54,744",0.36,GEN
Jadavpur,Mimi Chakraborty,Female,TMC,West Bengal,Graduate,"19,90,328","14,36,894",0.73,"2,95,239",0.205,GEN
Jagatsinghpur,Rajashree Mallick,Female,Biju Janata Dal,Odisha,Graduate Professional,"15,84,635","12,29,190",0.78,"2,71,655",0.221,SC
Jahanabad,Chandeshwar Prasad,Male,JDU,Bihar,10th Pass,"15,73,907","8,22,065",0.54,1751,0.002,GEN
Jaipur,Ramcharan Bohra,Male,BJP,Rajasthan,12th Pass,"20,43,881","14,56,404",0.716,"4,30,626",0.296,GEN
Jaipur Rural,Rajyavardhan Singh Rathore,Male,BJP,Rajasthan,Graduate,"18,97,332","12,76,693",0.678,"3,93,171",0.308,GEN
Jajpur,Sarmistha Sethi,Female,Biju Janata Dal,Odisha,Post Graduate,"14,13,322","10,92,084",0.778,"1,01,693",0.093,SC
Jalandhar,Santokh Singh Chaudhary,Male,INC,Punjab,Graduate Professional,"15,74,968","10,18,998",0.655,19491,0.019,SC
Jalaun,Bhanu Pratap Singh Verma,Male,BJP,Uttar Pradesh,Post Graduate,"14,70,521","11,29,955",0.777,"1,58,377",0.14,SC
Jalgaon,Unmesh Bhaiyyasaheb Patil,Male,BJP,Maharashtra,Graduate Professional,"18,45,368","10,88,277",0.595,"4,11,617",0.378,GEN
Jalna,Raosaheb Patil Danve,Male,BJP,Maharashtra,Graduate,"17,65,712","12,08,139",0.693,"3,32,815",0.275,GEN
Jalore,Devji Mansingram Patel,Male,BJP,Rajasthan,10th Pass,"16,00,603","13,61,619",0.862,"2,61,110",0.192,GEN
Jalpaiguri,Jayanta Kumar Roy,Male,BJP,West Bengal,Graduate Professional,"16,18,231","15,00,922",0.94,"1,84,004",0.123,SC
Jammu,Jugal Kishore Sharma,Male,BJP,Jammu and Kashmir,10th Pass,"18,48,155","14,78,795",0.802,"3,02,875",0.205,
Jamnagar,Poonamben Hematbhai Maadam,Female,BJP,Gujarat,Graduate,"16,15,693","10,10,965",0.631,"2,36,804",0.234,GEN
Jamshedpur,Bidyut Baran Mahato,Male,BJP,Jharkhand,12th Pass,"16,58,549","11,44,226",0.693,"3,02,090",0.264,GEN
Jamui,Chirag Paswan,Male,LJSP,Bihar,Graduate Professional,"17,09,356","9,49,137",0.578,"2,41,049",0.254,SC
Jangipur,Khalilur Rahaman,Male,TMC,West Bengal,Graduate,"17,13,293","13,04,504",0.768,"2,45,782",0.188,GEN
Janjgir-Champa,Guharam Ajgalley,Male,BJP,Chhattisgarh,Graduate Professional,"18,50,601","12,47,650",0.68,83255,0.067,SC
Jaunpur,Shyam Singh Yadav,Male,Bahujan Samaj Party,Uttar Pradesh,Post Graduate,"17,59,456","10,40,652",0.593,80936,0.078,GEN
Jhalawar-Baran,Dushyant Singh,Male,BJP,Rajasthan,Post Graduate,"18,63,755","13,69,868",0.744,"4,53,928",0.331,GEN
Jhanjharpur,Rampreet Mandal,Male,JDU,Bihar,10th Pass,"18,35,089","10,60,562",0.583,"3,22,951",0.305,GEN
Jhansi,Anurag Sharma,Male,BJP,Uttar Pradesh,Post Graduate,"23,85,972","13,80,890",0.586,"3,65,683",0.265,GEN
Jhargram,Kunar Hembram,Male,BJP,West Bengal,Graduate Professional,"15,22,363","14,06,214",0.935,11767,0.008,ST
Jhunjhunu,Narender Kumar,Male,BJP,Rajasthan,Graduate,"18,69,883","11,98,927",0.646,"3,02,547",0.252,GEN
Jodhpur,Gajendra Singh Shekhawat,Male,BJP,Rajasthan,Post Graduate,"18,88,942","13,46,243",0.719,"2,74,440",0.204,GEN
Jorhat,Topon Kumar Gogoi,Male,BJP,Assam,Post Graduate,"13,19,952","10,57,965",0.811,82653,0.078,GEN
Joynagar,Pratima Mondal,Female,TMC,West Bengal,Post Graduate,"18,05,964","13,56,102",0.757,"3,16,775",0.234,SC
Junagadh,Rajeshbhai Naranbhai Chudasama,Male,BJP,Gujarat,12th Pass,"15,76,209","10,05,224",0.648,"1,50,185",0.149,GEN
Kachchh,Vinod Chavda,Male,BJP,Gujarat,Post Graduate,"19,49,895","10,23,198",0.534,"3,05,513",0.299,SC
Kadapa,Yeduguri Sandinti Avinash Reddy,Male,YSRCP,Andhra Pradesh,Post Graduate,"13,25,963","12,28,242",0.937,"3,80,726",0.31,
Kairana,Pradeep Kumar Choudhary,Male,BJP,Uttar Pradesh,Post Graduate,"15,99,120","11,24,047",0.705,92160,0.082,GEN
Kaiserganj,Brij Bhushan Sharan Singh,Male,BJP,Uttar Pradesh,Graduate Professional,"17,79,143","9,81,400",0.559,"2,61,601",0.267,GEN
Kakinada,Vanga Geethaviswanath,Female,YSRCP,Andhra Pradesh,Post Graduate,"14,12,538","12,34,655",0.886,25738,0.021,
Kalahandi,Basanta Kumar Panda,Male,BJP,Odisha,12th Pass,"15,63,160","12,28,292",0.799,26814,0.022,GEN
Kaliabor,Gaurav Gogoi,Male,INC,Assam,Post Graduate,"16,63,513","14,24,687",0.866,"2,09,994",0.147,GEN
Kallakurichi,Gautham Sigamani Pon,Male,DMK,TamilNadu,Post Graduate,"14,90,339","12,04,375",0.816,"3,99,919",0.332,GEN
Kalyan,Shrikant Eknath Shinde,Male,Shiv Sena,Maharashtra,Post Graduate,"18,61,577","8,90,313",0.485,"3,44,343",0.387,GEN
Kancheepuram,G. Selvam,Male,DMK,TamilNadu,Post Graduate,"16,01,060","12,37,612",0.787,"2,86,632",0.232,SC
Kandhamal,Achyutananda Samanta,Male,Biju Janata Dal,Odisha,Doctorate,"12,35,291","9,41,985",0.773,"1,49,216",0.158,GEN
Kangra,Kisan Kapoor,Male,BJP,Himachal Pradesh,12th Pass,"12,58,601","10,06,989",0.809,"4,77,623",0.474,GEN
Kanker,Mohan Mandavi,Male,BJP,Chhattisgarh,Post Graduate,"15,31,469","11,59,193",0.774,6914,0.006,ST
Kannauj,Subrat Pathak,Male,BJP,Uttar Pradesh,Graduate,"18,27,515","11,40,496",0.629,12353,0.011,GEN
Kanniyakumari,H. Vasanthakumar,Male,INC,TamilNadu,Post Graduate,"14,77,243","10,48,377",0.714,"2,59,933",0.248,GEN
Kannur,Kumbakudi Sudhakaran,Male,INC,Kerala,Post Graduate,"12,01,236","10,53,842",0.881,94559,0.09,GEN
Kanpur,Satyadev Pachauri,Male,BJP,Uttar Pradesh,Post Graduate,"19,36,426","8,42,994",0.437,"1,55,934",0.185,GEN
Kanthi,Sisir Kumar Adhikari,Male,TMC,West Bengal,12th Pass,"17,93,513","14,24,247",0.799,"1,11,668",0.078,GEN
Karauli-Dholpur,Manoj Rajoria,Male,BJP,Rajasthan,Post Graduate,"17,59,358","8,68,798",0.506,84542,0.097,GEN
Karimganj,Kripanath Mallah,Male,BJP,Assam,Graduate,"17,82,015","9,98,044",0.564,97682,0.098,SC
Karimnagar,Sanjay Kumar Bandi,Male,BJP,Telangana,Post Graduate,"15,44,460","11,47,697",0.748,89508,0.078,GEN
Karnal,Sanjay Bhatia,Male,BJP,Haryana,Graduate,"18,21,231","13,00,722",0.717,"6,56,142",0.504,GEN
Karur,S. Jothimani,Male,INC,TamilNadu,Post Graduate,"13,65,804","11,03,165",0.815,"4,20,546",0.381,GEN
Kasargod,Rajmohan Unnithan,Male,INC,Kerala,Graduate,"13,05,827","11,00,051",0.846,40438,0.037,GEN
Katihar,Dulal Chandra Goswami,Male,JDU,Bihar,8th Pass,"16,45,713","11,17,734",0.692,57203,0.051,GEN
Kaushambi,Vinod Kumar Sonkar,Male,BJP,Uttar Pradesh,Graduate,"17,43,036","9,74,438",0.568,38722,0.04,SC
Kendrapara,Anubhav Mohanty,Male,Biju Janata Dal,Odisha,Graduate,"16,58,168","12,36,466",0.75,"1,52,584",0.123,GEN
Keonjhar,Chandrani Murmu,Female,Biju Janata Dal,Odisha,Graduate Professional,"14,49,996","11,76,292",0.825,66203,0.056,ST
Khadoor Sahib,Jasbir Singh,Male,INC,Punjab,Others,"15,99,081","10,46,032",0.657,"1,40,573",0.134,GEN
Khagaria,Mehboob Ali Kaiser,Male,LJSP,Bihar,Graduate,"16,53,928","9,66,813",0.589,"2,48,570",0.257,GEN
Khajuraho,Vishnu Dutt Sharma,Male,BJP,Madhya Pradesh,Post Graduate,"18,01,044","12,57,783",0.704,"4,92,382",0.391,GEN
Khammam,Nama Nageswara Rao,Male,TRS,Telangana,Intermediate,"14,41,181","11,39,831",0.802,"1,68,062",0.147,GEN
Khandwa,Nand Kumar Singh Chauhan,Male,BJP,Madhya Pradesh,Post Graduate,"18,49,606","14,68,138",0.802,"2,73,343",0.186,GEN
Khargone,Gajendra Umrao Singh Patel,Male,BJP,Madhya Pradesh,Graduate Professional,"17,83,776","14,27,607",0.811,"2,02,510",0.142,ST
Kheda,Devusinh Jesingbhai Chauhan,Male,BJP,Gujarat,Others,"16,97,520","10,98,633",0.658,"3,67,145",0.334,GEN
Kheri,Ajay Kumar Mishra,Male,BJP,Uttar Pradesh,Graduate Professional,"17,29,085","11,36,660",0.662,"2,18,807",0.192,GEN
Khunti,Arjun Munda,Male,BJP,Jharkhand,12th Pass,"11,65,658","8,32,377",0.732,1445,0.002,ST
Kishanganj,Mohammad Jawed,Male,INC,Bihar,Graduate,"16,52,940","11,01,603",0.678,34466,0.031,GEN
Kodarma,Annpurna Devi,Female,BJP,Jharkhand,Post Graduate,"17,65,156","12,09,541",0.703,"4,55,600",0.377,GEN
Kokrajhar,Naba (Hira) Kumar Sarania,Male,Independent,Assam,12th Pass,"15,10,051","14,79,485",0.99,37786,0.026,ST
Kolar,S. Muniswamy,Male,BJP,Karnataka,12th Pass,"16,08,229","12,58,551",0.791,"2,10,021",0.167,SC
Kolhapur,Sanjay Sadashivrao Mandlik,Male,Shiv Sena,Maharashtra,Post Graduate,"18,05,949","13,30,852",0.742,"2,70,568",0.203,GEN
Kolkata Dakshin,Mala Roy,Female,TMC,West Bengal,Graduate,"19,04,710","12,06,645",0.641,"1,55,192",0.129,GEN
Kolkata Uttar,Sudip Bandyopadhyay,Male,TMC,West Bengal,Graduate Professional,"16,18,835","9,50,613",0.591,"1,27,095",0.134,GEN
Kollam,N.K. Premachandran,Male,Revolutionary Socialist Party,Kerala,Graduate Professional,"12,42,521","9,68,123",0.784,"1,48,856",0.154,GEN
Koppal,Sanganna Amarappa Karadi,Male,BJP,Karnataka,10th Pass,"17,06,900","11,90,347",0.704,38397,0.032,GEN
Koraput,Saptagiri Sankar Ulaka,Male,INC,Odisha,Graduate Professional,"13,85,228","10,80,161",0.806,3613,0.003,ST
Korba,Jyotsna Charandas Mahant,Female,INC,Chhattisgarh,Post Graduate,"13,40,544","11,37,003",0.863,26349,0.023,GEN
Kota,Om Birla,Male,BJP,Rajasthan,Post Graduate,"19,00,514","13,67,034",0.726,"2,79,677",0.205,GEN
Kottayam,Thomas Chazhikadan,Male,Kerala Congress (M),Kerala,Graduate Professional,"11,68,104","9,10,339",0.786,"1,06,259",0.117,GEN
Kozhikode,M. K. Raghavan,Male,INC,Kerala,Graduate,"12,45,068","10,76,193",0.867,85225,0.079,GEN
Krishnagiri,A. Chellakumar,Male,INC,TamilNadu,Post Graduate,"14,82,269","11,61,369",0.797,"1,56,765",0.135,GEN
Krishnanagar,Mahua Moitra,Male,TMC,West Bengal,Graduate,"17,74,833","13,66,443",0.774,63218,0.046,GEN
Kurnool,Ayushman Doctor Sanjeev Kumar,Male,YSRCP,Andhra Pradesh,Post Graduate,"13,54,509","11,83,035",0.879,"1,48,903",0.126,
Kurukshetra,Nayab Singh,Male,BJP,Haryana,Graduate Professional,"15,79,115","12,30,202",0.781,"3,84,591",0.313,GEN
Kushi Nagar,Vijay Kumar Dubey,Male,BJP,Uttar Pradesh,12th Pass,"17,34,356","10,53,117",0.612,"3,37,560",0.321,GEN
Ladakh,Jamyang Tsering Namgyal,Male,BJP,Jammu and Kashmir,Graduate,"1,66,763","1,26,426",0.764,10930,0.086,
Lakhimpur,Pradan Baruah,Male,BJP,Assam,12th Pass,"16,21,466","12,83,589",0.801,"3,50,551",0.273,GEN
Lakshadweep,Faizal P.P. Mohammed,Male,Nationalist Congress Party,Lakshadweep,Post Graduate,49922,47009,0.944,823,0.018,
Lalganj,Sangeeta Azad,Female,Bahujan Samaj Party,Uttar Pradesh,Graduate Professional,"17,33,044","9,60,568",0.557,"1,61,597",0.168,SC
Latur,Sudhakar Tukaram Shrangre,Male,BJP,Maharashtra,10th Pass,"18,02,702","11,76,542",0.656,"2,89,111",0.246,SC
Lohardaga,Sudarshan Bhagat,Male,BJP,Jharkhand,Graduate,"11,87,646","8,17,550",0.698,10363,0.013,ST
Lucknow,Rajnath Singh,Male,BJP,Uttar Pradesh,Post Graduate,"19,39,448","11,16,445",0.58,"3,47,302",0.311,GEN
Ludhiana,Ravneet Singh Bittu,Male,INC,Punjab,12th Pass,"16,41,976","10,46,955",0.644,76372,0.073,GEN
Machhlishahr,B. P. Saroj,Male,BJP,Uttar Pradesh,Graduate,"17,77,073","10,34,925",0.589,181,0,SC
Machilipatnam,Balashowry Vallabhaneni,Male,YSRCP,Andhra Pradesh,Post Graduate,"12,96,361","12,44,570",0.971,60238,0.048,
Madha,Ranjeetsinha Hindurao Naik-Nimbalkar,Male,BJP,Maharashtra,12th Pass,"18,25,200","12,16,319",0.668,85764,0.071,GEN
Madhepura,Dinesh Chandra Yadav,Male,JDU,Bihar,Graduate Professional,"18,74,003","11,47,274",0.633,"3,01,527",0.263,GEN
Madhubani,Ashok Kumar Yadav,Male,BJP,Bihar,Graduate Professional,"17,80,846","9,63,708",0.544,"4,54,940",0.472,GEN
Madurai,S. Venkatesan,Male,CPI(M),TamilNadu,12th Pass,"15,21,452","10,16,026",0.678,"1,39,395",0.137,GEN
Mahabubabad,Kavitha Malothu,Female,TRS,Telangana,Graduate,"13,36,286","9,83,535",0.747,"1,46,663",0.149,ST
Maharajganj,Janardan Singh Sigriwal,Male,BJP,Bihar,Doctorate,"17,93,406","9,72,703",0.555,"2,30,772",0.237,GEN
Maharajganj,Pankaj Choudhary,Male,BJP,Uttar Pradesh,12th Pass,"18,66,715","12,26,916",0.663,"3,40,424",0.277,GEN
Mahasamund,Chunni Lal Sahu,Male,BJP,Chhattisgarh,Graduate,"16,13,418","12,22,335",0.771,90511,0.074,GEN
Mahbubnagar,Manne Srinivas Reddy,Male,TRS,Telangana,Graduate,"14,17,629","9,84,634",0.702,77829,0.079,GEN
Mahesana,Shardaben Anilbhai Patel,Male,BJP,Gujarat,12th Pass,"16,07,923","10,81,938",0.68,"2,81,519",0.26,GEN
Mainpuri,Mulayam Singh Yadav,Male,Samajwadi Party,Uttar Pradesh,Post Graduate,"16,81,508","9,76,518",0.585,94389,0.097,GEN
Malapuram,Kunhalikutty P.K.,Male,Indian Union Muslim League,Kerala,Graduate,"13,06,617","10,34,618",0.795,"2,60,153",0.251,GEN
Maldaha Dakshin,Abu Hasem Khan Chowdhury (dalu),Male,INC,West Bengal,Doctorate,"14,61,017","12,79,202",0.884,8222,0.006,GEN
Maldaha Uttar,Khagen Murmu,Male,BJP,West Bengal,Graduate,"15,69,035","13,54,706",0.869,84288,0.062,GEN
Malkajgiri,Anumala Revanth Reddy,Male,INC,Telangana,Graduate,"29,58,564","15,63,063",0.534,10919,0.007,GEN
Mandi,Ram Swaroop Sharma,Male,BJP,Himachal Pradesh,10th Pass,"11,50,408","9,41,371",0.823,"4,05,459",0.431,GEN
Mandla,Faggan Singh Kulaste,Male,BJP,Madhya Pradesh,Post Graduate,"19,01,547","15,17,255",0.815,97674,0.064,ST
Mandsour,Sudheer Gupta,Male,BJP,Madhya Pradesh,Post Graduate,"17,14,857","13,70,667",0.805,"3,76,734",0.275,GEN
Mandya,Sumalatha Ambareesh,Female,BJP,Karnataka,10th Pass,"16,84,216","13,79,210",0.821,"1,25,876",0.091,GEN
Mangaldoi,Dilip Saikia,Male,BJP,Assam,Graduate,"17,23,812","15,06,107",0.884,"1,38,545",0.092,GEN
Mathura,Hema Malini,Female,BJP,Uttar Pradesh,Doctorate,"17,48,275","11,02,731",0.634,"2,93,471",0.266,GEN
Mathurapur,Choudary Mohan Jatua,Male,TMC,West Bengal,Post Graduate,"18,10,407","14,01,953",0.778,"2,03,974",0.145,SC
Maval,Shrirang Appa Barne,Male,Shiv Sena,Maharashtra,8th Pass,"21,75,681","13,68,872",0.636,"2,15,913",0.158,GEN
Mavelikara,Suresh Kodikunnil,Male,INC,Kerala,Post Graduate,"12,64,914","9,71,035",0.772,61138,0.063,SC
Mayiladuthurai,S. Ramalingam,Male,DMK,TamilNadu,Graduate,"14,66,813","10,97,243",0.754,"2,61,314",0.238,GEN
Mayurbhanj,Bishweswar Tudu,Male,BJP,Odisha,10th Pass,"14,37,970","11,50,357",0.815,25256,0.022,ST
Medak,Kotha Prabhakar Reddy,Male,TRS,Telangana,Graduate,"15,14,728","11,50,223",0.77,"3,16,427",0.275,GEN
Medinipur,Dilip Ghosh,Male,BJP,West Bengal,10th Pass,"18,15,330","14,09,815",0.785,88952,0.063,GEN
Meerut,Rajendra Agrawal,Male,BJP,Uttar Pradesh,Post Graduate,"18,17,780","12,16,413",0.673,4729,0.004,GEN
Mirzapur,Anupriya Patel,Male,Apna Dal (Sonelal),Uttar Pradesh,Post Graduate,"18,05,890","11,08,965",0.623,"2,32,008",0.209,GEN
Misrikh,Ashok Kumar Rawat,Male,BJP,Uttar Pradesh,Post Graduate,"17,62,049","10,26,668",0.588,"1,00,672",0.098,SC
Mizoram,C. Lalrosanga,Male,Mizo National Front,Mizoram,Graduate,"7,25,057","4,99,621",0.693,8140,0.016,ST
Mohanlalganj,Kaushal Kishore,Male,BJP,Uttar Pradesh,Graduate,"19,15,170","12,69,040",0.668,90229,0.071,SC
Moradabad,S. T. Hasan,Male,Samajwadi Party,Uttar Pradesh,Post Graduate,"18,86,615","12,82,206",0.683,97878,0.076,GEN
Morena,Narendra Singh Tomar,Male,BJP,Madhya Pradesh,Graduate,"17,39,025","11,37,290",0.655,"1,13,341",0.1,GEN
Mumbai North,Gopal Chinayya Shetty,Male,BJP,Maharashtra,5th Pass,"15,63,706","9,89,759",0.641,"4,65,247",0.47,GEN
Mumbai North Central,Poonam Mahajan,Female,BJP,Maharashtra,Others,"16,10,246","9,01,784",0.567,"1,30,005",0.144,GEN
Mumbai North East,Manoj Kishorbhai Kotak,Male,BJP,Maharashtra,10th Pass,"15,27,514","9,08,993",0.603,"2,26,486",0.249,GEN
Mumbai North West,Gajanan Chandrakant Kirtikar,Male,Shiv Sena,Maharashtra,Graduate,"19,08,991","9,41,497",0.503,"2,60,328",0.277,GEN
Mumbai South,Arvind Ganpat Sawant,Male,Shiv Sena,Maharashtra,Graduate,"15,37,955","8,01,611",0.531,"1,00,067",0.125,GEN
Mumbai South Central,Rahul Ramesh Shewale,Male,Shiv Sena,Maharashtra,Others,"13,88,390","7,97,250",0.584,"1,52,139",0.191,GEN
Munger,Rajiv Ranjan (Lalan) Singh,Male,JDU,Bihar,Graduate,"18,70,993","10,36,268",0.559,"1,67,937",0.162,GEN
Murshidabad,Abu Taher Khan,Male,TMC,West Bengal,8th Pass,"18,24,697","14,53,755",0.805,"2,26,417",0.156,GEN
Muzaffarnagar,Sanjeev Kumar Balyan,Male,BJP,Uttar Pradesh,Doctorate,"16,47,368","11,60,071",0.707,6526,0.006,GEN
Muzaffarpur,Ajay Nishad,Male,BJP,Bihar,Graduate,"17,10,868","10,58,086",0.624,"4,09,988",0.387,GEN
Mysore,Prathap Simha,Male,BJP,Karnataka,Post Graduate,"18,73,063","13,18,041",0.707,"1,38,647",0.105,GEN
Nabarangpur,Ramesh Chandra Majhi,Male,Biju Janata Dal,Odisha,Graduate,"14,01,704","11,59,700",0.859,41634,0.036,ST
Nagaland,Tokheho,Male,Nationalist Democratic Progressive Party,Nagaland,Graduate,"11,90,285","10,06,357",0.847,16344,0.016,ST
Nagapattinam,M. Selvaraj,Male,CPI(M),TamilNadu,12th Pass,"12,92,695","10,02,208",0.783,"2,11,353",0.211,SC
Nagarkurnool,Ramulu Pothuganti,Male,TRS,Telangana,Graduate,"15,01,178","9,89,847",0.668,"1,89,748",0.192,SC
Nagaur,Hanumana Ram,Male,Rashtriya Loktantrik Party,Rajasthan,Graduate Professional,"17,41,967","12,03,124",0.698,"1,81,260",0.151,GEN
Nagina,Girish Chandra,Male,Bahujan Samaj Party,Uttar Pradesh,12th Pass,"15,38,579","10,09,456",0.66,"1,66,832",0.165,SC
Nagpur,Nitin Jairam Gadkari,Male,BJP,Maharashtra,Graduate Professional,"20,60,047","11,86,051",0.578,"2,16,009",0.182,GEN
Nainital-Udhamsingh Nagar,Ajay Bhatt,Male,BJP,Uttarakhand,Graduate Professional,"17,54,749","12,58,570",0.723,"3,39,096",0.269,GEN
Nalanda,Kaushalendra Kumar,Male,JDU,Bihar,Graduate,"18,09,760","10,31,286",0.575,"2,56,137",0.248,GEN
Nalgonda,Uttam Kumar Nalamada Reddy,Male,INC,Telangana,Graduate,"15,01,209","11,75,703",0.787,25682,0.022,GEN
Namakkal,A.K.P. Chinraj,Male,DMK,TamilNadu,Graduate,"13,83,282","11,33,774",0.831,"2,65,151",0.234,GEN
Nanded,Prataprao Patil Chikhalikar,Male,BJP,Maharashtra,12th Pass,"16,32,971","11,29,350",0.695,40148,0.036,GEN
Nandurbar,Heena Vijaykumar Gavit,Female,BJP,Maharashtra,Post Graduate,"17,96,321","12,81,738",0.726,95629,0.075,ST
Nandyal,Pocha . Brahmananda Reddy,Male,YSRCP,Andhra Pradesh,Post Graduate,"14,02,585","12,99,093",0.933,"2,50,119",0.193,
Narasaraopet,Lavu Sri Krishna Devarayalu,Male,YSRCP,Andhra Pradesh,Graduate Professional,"15,45,916","14,37,420",0.938,"1,54,002",0.107,
Narsapuram,Kanumuru Raghu Rama Krishna Raju,Male,YSRCP,Andhra Pradesh,Post Graduate,"12,94,966","11,77,738",0.919,32676,0.028,
Nashik,Hemant Tukaram Godse,Male,Shiv Sena,Maharashtra,Others,"17,64,151","11,21,232",0.64,"2,92,204",0.261,GEN
Navsari,C. R. Patil,Male,BJP,Gujarat,10th Pass,"19,04,607","13,08,018",0.692,"6,89,668",0.527,GEN
Nawada,Chandan Singh,Male,LJSP,Bihar,12th Pass,"18,92,017","9,42,462",0.517,"1,48,072",0.157,GEN
Nellore,Adala Prabhakara Reddy,Male,YSRCP,Andhra Pradesh,12th Pass,"14,60,959","12,87,036",0.893,"1,48,571",0.115,
New Delhi,Meenakashi Lekhi,Female,BJP,Delhi,Graduate Professional,"14,90,147","9,20,541",0.622,"2,56,504",0.279,GEN
Nilgiris,Andimuthu Raja,Male,DMK,TamilNadu,Graduate Professional,"13,36,480","10,10,719",0.77,"2,05,823",0.204,SC
Nizamabad,Arvind Dharmapuri,Male,BJP,Telangana,Post Graduate,"14,45,388","10,62,768",0.737,70875,0.067,GEN
North East Delhi,Gautam Gambhir,Male,BJP,Delhi,Post Graduate,"19,57,707","14,61,475",0.749,"3,66,102",0.251,GEN
North Goa,Shripad Yesso Naik,Male,BJP,Goa,Graduate,"5,45,009","4,28,628",0.799,80247,0.187,GEN
North West Delhi,Raj Hans Hans,Male,BJP,Delhi,10th Pass,"21,94,425","14,02,962",0.644,"5,53,897",0.395,SC
Nowgong,Pradyut Bordoloi,Male,INC,Assam,Post Graduate,"17,36,245","14,93,475",0.866,16752,0.011,GEN
Ongole,Magunta Sreenivasulu Reddy,Male,YSRCP,Andhra Pradesh,Graduate,"14,10,224","13,42,368",0.967,"2,14,851",0.16,
Osmanabad,Omprakash,Male,Shiv Sena,Maharashtra,12th Pass,"17,83,129","12,04,730",0.681,"1,27,566",0.106,GEN
Outer Manipur,Lorho S. Pfoze,Male,Naga Peoples Front,Manipur,Graduate Professional,"9,18,966","8,58,029",0.937,73782,0.086,ST
Palakkad,V.K. Sreekandan,Male,INC,Kerala,Graduate,"12,74,734","10,28,249",0.812,11637,0.011,GEN
Palamu,Vishnu Dayal Ram,Male,BJP,Jharkhand,Graduate,"18,00,197","12,09,747",0.675,"4,77,606",0.395,SC
Palghar,Rajendra Dhedya Gavit,Male,Shiv Sena,Maharashtra,Graduate,"17,27,531","12,01,941",0.713,88883,0.074,ST
Pali,P.P. Chaudhary,Male,BJP,Rajasthan,Graduate Professional,"21,05,101","13,59,799",0.653,"4,81,597",0.354,GEN
Panchmahal,Ratansinh Magansing Rathod,Male,BJP,Gujarat,Graduate Professional,"16,96,054","10,83,676",0.651,"4,28,541",0.395,GEN
Parbhani,Sanjay Haribhau Jadhav,Male,Shiv Sena,Maharashtra,10th Pass,"19,02,298","12,52,782",0.661,42199,0.034,GEN
Paschim Champaran,Sanjay Jaiswal,Male,BJP,Bihar,Graduate,"16,06,271","10,12,936",0.659,"2,93,906",0.29,GEN
Pataliputra,Ram Kripal Yadav,Male,BJP,Bihar,Post Graduate,"19,09,112","10,77,749",0.568,39321,0.036,GEN
Patan,Bharatsinhji Shankarji Dabhi,Male,BJP,Gujarat,Graduate,"16,89,822","11,26,256",0.675,"1,93,879",0.172,GEN
Pathanamthitta,Anto Antony,Male,INC,Kerala,Graduate,"13,32,683","10,26,553",0.773,44243,0.043,GEN
Patiala,Preneet Kaur,Female,INC,Punjab,Graduate,"16,91,510","11,77,903",0.703,"1,62,718",0.138,GEN
Patna Sahib,Ravi Shankar Prasad,Male,BJP,Bihar,Graduate,"21,36,800","9,82,285",0.462,"2,84,657",0.29,GEN
Peddapalli,Venkatesh Netha Borlakunta,Male,TRS,Telangana,Doctorate,"13,68,475","9,70,051",0.715,95180,0.098,SC
Perambalur,T.R. Paarivendhar,Male,DMK,TamilNadu,Post Graduate,"13,76,502","11,02,767",0.809,"4,03,518",0.366,GEN
Phulpur,Keshari Devi Patel,Female,BJP,Uttar Pradesh,Post Graduate,"19,50,247","9,78,236",0.506,"1,71,968",0.176,GEN
Pilibhit,Varun Gandhi,Male,BJP,Uttar Pradesh,Post Graduate,"17,30,628","11,86,589",0.691,"2,55,627",0.215,GEN
Pollachi,K. Shanmugasundaram,Male,DMK,TamilNadu,Graduate Professional,"17,16,498","10,81,875",0.639,"1,75,883",0.163,GEN
Ponnani,E. T. Mohammed Basheer,Male,Indian Union Muslim League,Kerala,10th Pass,"12,65,341","10,17,265",0.809,"1,93,273",0.19,GEN
Porbandar,Rameshbhai Lavjibhai Dhaduk,Male,BJP,Gujarat,10th Pass,"16,26,015","9,49,947",0.589,"2,29,823",0.242,GEN
Pratapgarh,Sangam Lal Gupta,Male,BJP,Uttar Pradesh,8th Pass,"16,70,655","9,14,665",0.555,"1,17,752",0.129,GEN
Puducherry,Ve. Vaithilingam,Male,INC,Puducherry,Graduate,"9,69,845","7,90,760",0.828,"1,97,025",0.249,GEN
Pune,Girish Bhalchandra Bapat,Male,BJP,Maharashtra,Graduate,"19,97,594","10,35,236",0.524,"3,24,628",0.314,GEN
Puri,Pinaki Misra,Male,Biju Janata Dal,Odisha,Graduate Professional,"15,00,546","11,35,620",0.762,11714,0.01,GEN
Purnia,Santosh Kumar,Male,JDU,Bihar,Post Graduate,"20,55,471","11,53,940",0.57,"2,63,461",0.228,GEN
Purulia,Jyotirmay Singh Mahato,Male,BJP,West Bengal,Graduate Professional,"17,61,215","13,55,236",0.776,"2,04,732",0.151,GEN
Purvi Champaran,Radha Mohan Singh,Male,BJP,Bihar,12th Pass,"16,31,187","9,99,400",0.627,"2,93,648",0.294,GEN
Raebareli,Sonia Gandhi,Female,INC,Uttar Pradesh,Others,"16,28,549","9,58,556",0.595,"1,67,178",0.174,GEN
Raichur,Raja Amareshwara Naik,Male,BJP,Karnataka,Graduate Professional,"18,96,652","11,24,385",0.601,"1,17,716",0.105,ST
Raigad,Sunil Dattatray Tatkare,Male,NCP,Maharashtra,Others,"15,98,012","10,25,467",0.649,31438,0.031,GEN
Raiganj,Debasree Chaudhuri,Male,BJP,West Bengal,Post Graduate,"15,31,944","12,77,109",0.843,60574,0.047,GEN
Raigarh,Gomati Sai,Female,BJP,Chhattisgarh,12th Pass,"17,14,355","13,50,124",0.797,66027,0.049,ST
Raipur,Sunil Kumar Soni,Male,BJP,Chhattisgarh,Graduate,"20,46,014","13,96,250",0.685,"3,48,238",0.249,GEN
Rajahmundry,Margani Bharat,Male,YSRCP,Andhra Pradesh,Graduate,"13,82,260","12,50,427",0.918,"1,21,634",0.097,
Rajampet,P.v.midhun Reddy,Male,YSRCP,Andhra Pradesh,Post Graduate,"14,06,762","12,24,354",0.886,"2,68,284",0.219,
Rajgarh,Rodmal Nagar,Male,BJP,Madhya Pradesh,Graduate,"16,49,452","12,60,329",0.77,"4,31,019",0.342,GEN
Rajkot,Mohanbhai Kalyanji Kundariya,Male,BJP,Gujarat,8th Pass,"18,39,420","11,95,271",0.66,"3,68,407",0.308,GEN
Rajmahal,Vijay Kumar Hansdak,Male,Jharkhand Mukti Morcha,Jharkhand,10th Pass,"14,22,969","10,47,657",0.745,99195,0.095,ST
Rajnandgaon,Santosh Pandey,Male,BJP,Chhattisgarh,Graduate Professional,"16,88,647","13,07,033",0.786,"1,11,966",0.086,GEN
Rajsamand,Kumari Diya,Female,BJP,Rajasthan,Others,"18,63,749","12,39,845",0.672,"5,51,916",0.445,GEN
Ramanathapuram,K. Navaskani,Male,Indian Union Muslim League,TamilNadu,12th Pass,"15,53,058","10,66,146",0.691,"1,27,122",0.119,GEN
Rampur,Azam Khan,Male,Samajwadi Party,Uttar Pradesh,Graduate Professional,"16,58,551","10,60,921",0.644,"1,09,997",0.104,GEN
Ramtek,Krupal Balaji Tumane,Male,Shiv Sena,Maharashtra,Graduate,"18,18,912","11,96,744",0.665,"1,26,783",0.106,SC
Ranaghat,Jagannath Sarkar,Male,BJP,West Bengal,Graduate Professional,"19,74,979","14,84,035",0.756,"2,33,428",0.157,SC
Ranchi,Sanjay Seth,Male,BJP,Jharkhand,Graduate Professional,"18,27,355","12,35,441",0.679,"2,83,026",0.229,GEN
Ratlam,Guman Singh Damor,Male,BJP,Madhya Pradesh,Graduate Professional,"18,02,722","14,00,509",0.797,90636,0.065,ST
Ratnagiri-Sindhudurg,Vinayak Bhaurao Raut,Male,Shiv Sena,Maharashtra,Post Graduate,"13,93,965","9,01,102",0.656,"1,78,322",0.198,GEN
Raver,Raksha Nikhil Khadse,Female,BJP,Maharashtra,Graduate,"17,07,838","10,92,971",0.645,"3,35,882",0.307,GEN
Rewa,Janardan Mishra,Male,BJP,Madhya Pradesh,Graduate Professional,"16,28,121","10,13,251",0.624,"3,12,807",0.309,GEN
Robertsganj,Pakaudi Lal Kol,Male,Apna Dal (Sonelal),Uttar Pradesh,Literate,"16,72,073","9,88,287",0.604,54336,0.055,SC
Rohtak,Arvind Kumar Sharma,Male,BJP,Haryana,Post Graduate,"16,38,605","12,20,571",0.747,7503,0.006,GEN
Sabarkantha,Dipsinh Shankarsinh Rathod,Male,BJP,Gujarat,8th Pass,"16,95,262","12,18,354",0.722,"2,68,987",0.221,GEN
Sagar,Rajbahadur Singh,Male,BJP,Madhya Pradesh,Post Graduate,"15,50,731","10,37,175",0.675,"3,05,542",0.295,GEN
Saharanpur,Haji Fazlur Rehman,Male,Bahujan Samaj Party,Uttar Pradesh,Graduate,"16,77,662","12,31,746",0.737,22417,0.018,GEN
Salem,S.R. Parthiban,Male,DMK,TamilNadu,Graduate Professional,"15,80,013","12,55,459",0.805,"1,46,926",0.117,GEN
Salempur,Ravindra Kushawaha,Male,BJP,Uttar Pradesh,12th Pass,"16,52,927","9,21,066",0.562,"1,12,477",0.122,GEN
Samastipur,Prince Raj,Male,LJSP,Bihar,Graduate,"16,55,671","10,19,025",0.637,"2,51,643",0.247,SC
Sambalpur,Nitesh Ganga Deb,Male,BJP,Odisha,12th Pass,"13,99,694","11,24,455",0.813,9162,0.008,GEN
Sambhal,Shafiqur Rehman Barq,Male,Samajwadi Party,Uttar Pradesh,Graduate,"17,82,261","11,83,469",0.668,"1,74,826",0.148,GEN
Sangli,Sanjay(Kaka) Ramchandra Patil,Male,BJP,Maharashtra,10th Pass,"14,24,936","11,89,958",0.84,"1,64,352",0.138,GEN
Sangrur,Bhagwant Mann,Male,AAP,Punjab,12th Pass,"15,01,950","11,05,888",0.741,"1,10,211",0.1,GEN
Sant Kabir Nagar,Praveen Kumar Nishad,Male,BJP,Uttar Pradesh,Graduate Professional,"19,35,219","10,63,390",0.556,35749,0.034,GEN
Saran,Rajiv Pratap Rudy,Male,BJP,Bihar,Post Graduate,"16,55,736","9,41,656",0.586,"1,38,429",0.147,GEN
Sasaram,Chhedi Paswan,Male,BJP,Bihar,,"17,71,935","9,74,749",0.561,"1,65,745",0.17,SC
Satara,Udayanraje Pratapsingh Bhonsle,Male,NCP,Maharashtra,12th Pass,"17,53,567","11,15,434",0.641,"1,26,528",0.113,GEN
Satna,Ganesh Singh,Male,BJP,Madhya Pradesh,Post Graduate,"15,33,662","11,13,656",0.728,"2,31,473",0.208,GEN
Secundrabad,G. Kishan Reddy,Male,BJP,Telangana,Others,"18,90,049","9,15,106",0.489,62114,0.068,GEN
Serampore,Kalyan Banerjee,Male,TMC,West Bengal,Graduate Professional,"19,83,013","14,01,705",0.717,98536,0.07,GEN
Shahdol,Himadri Singh,Male,BJP,Madhya Pradesh,Graduate,"16,26,916","12,37,858",0.773,"4,03,333",0.326,ST
Shahjahanpur,Arun Kumar Sagar,Male,BJP,Uttar Pradesh,12th Pass,"20,13,411","11,86,157",0.594,"2,68,418",0.226,SC
Sheohar,Rama Devi,Female,BJP,Bihar,Graduate Professional,"16,60,635","10,04,559",0.609,"3,40,360",0.339,GEN
Shillong,Vincent H Pala,Male,INC,Meghalaya,Graduate Professional,"11,54,272","7,84,190",0.683,"1,52,433",0.194,ST
Shimla,Suresh Kumar Kashyap,Male,BJP,Himachal Pradesh,Post Graduate,"11,53,363","9,13,608",0.799,"3,27,515",0.358,SC
Shimoga,B. Y. Raghavendra,Male,BJP,Karnataka,Graduate,"16,40,421","12,83,577",0.787,"2,23,360",0.174,GEN
Shirdi,Sadashiv Kisan Lokhande,Male,Shiv Sena,Maharashtra,10th Pass,"15,24,878","10,29,362",0.679,"1,20,195",0.117,SC
Shirur,Amol Ramsing Kolhe,Male,NCP,Maharashtra,Graduate Professional,"20,45,438","12,93,117",0.635,58483,0.045,GEN
Shrawasti,Ram Shiromani Verma,Male,BJP,Uttar Pradesh,Graduate Professional,"18,68,891","9,97,007",0.543,5320,0.005,GEN
Sidhi,Riti Pathak,Female,BJP,Madhya Pradesh,Post Graduate,"18,22,205","12,82,705",0.707,"2,86,524",0.223,GEN
Sikar,Sumedhanand Saraswati,Male,BJP,Rajasthan,Post Graduate,"19,77,129","13,26,969",0.675,"2,97,156",0.224,GEN
Sikkim,Indra Hang Subba,Male,Sikkim Krantikari Morcha,Sikkim,Post Graduate,"4,10,317","3,51,746",0.863,12433,0.035,GEN
Silchar,Rajdeep Roy,Male,BJP,Assam,Post Graduate,"10,02,420","9,49,696",0.956,81596,0.086,GEN
Singhbhum,Geeta Kora,Female,INC,Jharkhand,Post Graduate,"12,30,774","8,79,329",0.734,72155,0.082,ST
Sirsa,Sunita Duggal,Female,BJP,Haryana,Post Graduate,"17,40,188","13,69,486",0.79,"3,09,918",0.226,SC
Sitamarhi,Sunil Kumar (Pintu),Male,JDU,Bihar,Graduate,"17,38,001","10,38,849",0.604,"2,50,539",0.241,GEN
Sitapur,Rajesh Verma,Male,BJP,Uttar Pradesh,Post Graduate,"16,53,132","10,64,521",0.649,"1,00,833",0.095,GEN
Sivaganga,Karti P. Chidambaram,Male,INC,TamilNadu,Graduate Professional,"15,29,700","10,84,468",0.715,"3,32,244",0.306,GEN
Siwan,Kavita Singh,Female,JDU,Bihar,Post Graduate,"17,80,670","9,84,810",0.558,"1,16,958",0.119,GEN
Solapur,Jai Sidheshwar Shivachary Mahaswamiji,Male,BJP,Maharashtra,Graduate,"17,47,242","10,84,514",0.624,"1,58,608",0.146,SC
Sonipat,Ramesh Chander Kaushik,Male,BJP,Haryana,Graduate Professiona,"14,93,894","11,29,532",0.758,"1,64,864",0.146,GEN
South Delhi,Ramesh Bidhuri,Male,BJP,Delhi,Graduate Professional,"17,52,741","12,14,222",0.696,"3,67,043",0.302,GEN
South Goa,Francisco Sardinha,Male,INC,Goa,Graduate Professional,"5,72,200","4,24,575",0.752,9755,0.023,GEN
Srikakulam,Rammohannaidu Kinjarapu,Male,TDP,Andhra Pradesh,Post Graduate,"14,10,763","11,57,329",0.839,6653,0.006,
Srinagar,Farooq Abdullah,Male,Jammu and Kashmir National Conference,Jammu and Kashmir,Graduate Professional,"12,05,233","1,86,832",0.156,70050,0.375,
Sriperumbudur,Thalikkottai Rajuthevar Baalu,Male,DMK,TamilNadu,Graduate,"21,76,499","14,06,782",0.657,"5,07,955",0.361,GEN
Sultanpur,Maneka Gandhi,Female,BJP,Uttar Pradesh,12th Pass,"17,39,538","10,00,316",0.581,14526,0.015,GEN
Sundargarh,Jual Oram,Male,BJP,Odisha,Others,"15,08,886","11,00,129",0.738,"2,23,065",0.203,ST
Supaul,Dileshwar Kamait,Male,JDU,Bihar,Graduate,"16,80,576","11,10,805",0.667,"2,66,853",0.24,GEN
Surat,Darshana Vikram Jardosh,Female,BJP,Gujarat,Graduate,"16,06,425","10,68,412",0.672,"5,48,230",0.513,GEN
Surendranagar,Mahendrabhai Munjapara,Male,BJP,Gujarat,Post Graduate,"18,12,702","10,77,726",0.599,"2,77,437",0.257,GEN
Surguja,Renuka Singh Saruta,Female,BJP,Chhattisgarh,12th Pass,"16,17,451","12,80,689",0.81,"1,57,873",0.123,ST
Tamluk,Dibyendu Adhikari,Male,TMC,West Bengal,Graduate,"18,39,886","14,46,499",0.792,"1,90,165",0.131,GEN
Tehri Garhwal,Mala Rajya Laxmi Shah,Female,BJP,Uttarakhand,12th Pass,"14,39,343","8,76,069",0.613,"3,00,586",0.343,GEN
Tenkasi,Dhanush M Kumar,Male,DMK,TamilNadu,Post Graduate,"14,72,742","10,65,569",0.733,"1,20,286",0.113,SC
Tezpur,Pallab Lochan Das,Male,BJP,Assam,Graduate,"14,37,189","11,90,196",0.839,"2,42,841",0.204,GEN
Thane,Rajan Baburao Vichare,Male,Shiv Sena,Maharashtra,12th Pass,"21,78,348","11,70,518",0.547,"4,12,145",0.352,GEN
Thanjavur,S.S. Palanimanickam,Male,DMK,TamilNadu,Graduate Professional,"14,43,417","10,59,223",0.744,"3,68,129",0.348,GEN
Theni,P. Raveendranath Kumar,Male,AIADMK,TamilNadu,Post Graduate,"18,00,597","11,73,489",0.658,76693,0.065,GEN
Thiruchirapalli,Su Thirunavukkarasar,Male,INC,TamilNadu,Doctorate,"18,82,738","14,08,189",0.758,"3,56,955",0.253,SC
Thirunelveli,S. Gnanathiraviam,Male,DMK,TamilNadu,Graduate Professional,"13,30,409","10,10,180",0.763,99989,0.099,GEN
Thiruvallur,K. Jayakumar,Male,INC,TamilNadu,Post Graduate,"14,02,826","9,91,263",0.713,"3,47,209",0.35,GEN
Thiruvanamalai,C.N. Annadurai,Male,DMK,TamilNadu,10th Pass,"12,68,671","10,41,869",0.825,93633,0.09,GEN
Thiruvanathapuram,Shashi Tharoor,Male,INC,Kerala,Doctorate,"17,17,393","10,96,712",0.645,"3,48,059",0.317,SC
Thoothukudi,Kanimozhi Karunanidhi,Female,DMK,TamilNadu,10th Pass,"14,89,425","10,48,062",0.713,"4,59,286",0.438,GEN
Thrissur,T.N. Prathapan,Male,INC,Kerala,12th Pass,"15,26,692","10,39,761",0.688,"1,85,457",0.178,GEN
Tikamgarh,Virendra Kumar,Male,BJP,Madhya Pradesh,Doctorate,"15,09,361","13,13,515",0.887,"2,28,376",0.174,
Tirupati,Balli Durga Prasad Rao,Male,YSRCP,Andhra Pradesh,Graduate Professional,"14,90,562","11,19,584",0.766,93368,0.083,GEN
Tiruppur,K. Subbarayan,Male,INC,TamilNadu,Graduate,"14,31,287","11,51,729",0.813,"3,04,187",0.264,GEN
Tonk-Sawai Madhopur,Sukhbir Singh Jaunapuria,Male,BJP,Rajasthan,12th Pass,"18,93,418","12,33,458",0.656,"1,11,291",0.09,GEN
Tripura East,Rebati Tripura,Male,BJP,Tripura,Post Graduate,"11,73,233","10,45,417",0.901,"2,04,290",0.195,ST
Tripura West,Pratima Bhoumik,Female,BJP,Tripura,Graduate,"12,85,794","11,07,755",0.871,"3,05,689",0.276,GEN
Tumkur,Gangasandra Siddappa Basavaraj,Male,BJP,Karnataka,Graduate Professional,"15,84,884","12,44,858",0.792,13339,0.011,GEN
Tura,Agatha K. Sangma,Female,National People s Party,Meghalaya,Post Graduate,"6,92,353","5,83,041",0.851,64030,0.11,ST
Udaipur,Arjunlal Meena,Male,BJP,Rajasthan,Post Graduate,"20,08,400","14,54,518",0.738,"4,37,914",0.301,ST
Udhampur,Jitendra Singh,Male,BJP,Jammu and Kashmir,Post Graduate,"14,90,244","11,80,123",0.797,"3,57,252",0.303,
Udupi Chikmagalur,Shobha Karandlaje,Female,BJP,Karnataka,Post Graduate,"14,95,439","11,51,012",0.775,"3,49,599",0.304,GEN
Ujiarpur,Nityanand Rai,Male,BJP,Bihar,Graduate,"15,88,209","9,69,284",0.619,"2,77,278",0.286,GEN
Ujjain,Anil Firojiya,Male,BJP,Madhya Pradesh,12th Pass,"16,24,122","12,52,511",0.778,"3,65,637",0.292,SC
Uluberia,Sajda Ahmed,Male,TMC,West Bengal,Graduate,"17,75,607","13,11,099",0.744,"2,15,359",0.164,GEN
Unnao,Sakshi Maharaj,Male,BJP,Uttar Pradesh,Doctorate,"21,60,607","12,37,076",0.578,"4,00,956",0.324,GEN
Uttara Kannada,Anantkumar Hegde,Male,BJP,Karnataka,12th Pass,"15,35,047","11,53,480",0.762,"4,79,649",0.416,GEN
Vadakara,K. Muraleedharan,Male,INC,Kerala,Graduate,"12,07,556","10,65,619",0.885,84663,0.079,GEN
Vadodara,Ranjanben Dhananjay Bhatt,Female,BJP,Gujarat,12th Pass,"17,07,484","12,22,348",0.726,"5,89,177",0.482,GEN
Vaishali,Veena Devi,Female,LJSP,Bihar,10th Pass,"17,21,658","10,74,730",0.63,"2,34,584",0.218,GEN
Valmiki Nagar,Baidyanath Prasad Mahto,Male,JDU,Bihar,10th Pass,"16,41,701","10,32,090",0.65,"3,54,616",0.344,GEN
Valsad,K. C. Patel,Male,BJP,Gujarat,Graduate Professional,"16,28,352","12,60,377",0.786,"3,53,797",0.281,ST
Varanasi,Narendra Modi,Male,BJP,Uttar Pradesh,Post Graduate,"17,84,093","10,60,476",0.597,"4,79,505",0.452,GEN
Vidisha,Ramakant Bhargava,Male,BJP,Madhya Pradesh,12th Pass,"17,00,678","12,50,244",0.74,"5,03,084",0.402,GEN
Vijayawada,Kesineni Srinivas (nani),Male,TDP,Andhra Pradesh,10th Pass,"13,62,762","12,77,711",0.944,8726,0.007,
Villuppuram,D. Ravikumar,Male,DMK,TamilNadu,Doctorate,"14,00,389","11,35,540",0.819,"1,28,068",0.113,SC
Virudhunagar,Manicka Tagore,Male,INC,TamilNadu,,"14,61,240","10,74,735",0.747,"1,54,554",0.144,GEN
Visakhapatnam,M V V Satyanarayana,Male,YSRCP,Andhra Pradesh,10th Pass,"15,34,088","12,39,754",0.819,4414,0.004,
Vizianagaram,Bellana Chandra Sekhar,Male,YSRCP,Andhra Pradesh,Graduate Professional,"13,80,455","12,17,890",0.904,48036,0.039,
Warangal,Dayakar Pasunoori,Male,TRS,Telangana,Graduate,"15,78,335","10,61,645",0.685,"3,50,298",0.33,SC
Wardha,Ramdas Chandrabhanji Tadas,Male,BJP,Maharashtra,10th Pass,"16,79,788","10,72,570",0.642,"1,87,191",0.175,GEN
Wayanad,Rahul Gandhi,Male,INC,Kerala,Post Graduate,"13,06,141","10,92,197",0.838,"4,31,770",0.395,GEN
West Delhi,Parvesh Sahib Singh,Male,BJP,Delhi,Post Graduate,"20,39,410","14,41,601",0.711,"5,78,486",0.401,GEN
Yavatmal-Washim,Bhawana Gawali (Patil),Female,Shiv Sena,Maharashtra,Graduate,"18,12,059","11,74,220",0.65,"1,17,939",0.1,GEN
Zahirabad,Bheemrao Baswanthrao Patil,Male,TRS,Telangana,Graduate,"14,11,026","10,44,365",0.748,6229,0.006,GEN
